題號,題目
student_oid,[student_oid]原本學生ID
student_id,[student_id]變更後學生ID
qb_code,[qb_code]題本編號
q_name,[q_name]問卷名稱
school_id,[school_id]學校代碼
school_name,[school_name]學校名稱
class,[class]班級
status,[status]作答狀況
name,[name]你的姓名：______________
cell,[cell]手機號碼：__________（範例﹕0972123456）
cell_who,[cell_who]請問此手機號碼是：
email,[email]電子郵件（E-mail）：________________________
v1,[v1]請問你的性別（生理性別）：
v2,[v2]請問你親生父母的婚姻狀態：
kv2,[kv2]請問你親生父母的婚姻狀態：
v3,[v3]我們的社會中，有一群人比較接近上層，有一群人比較接近下層。下面有一個由上到下的圖表，請問你認為自己的家庭最接近這個圖表裡面的哪一層？
v4_1,[v4_1]請問你同不同意以下的敘述 (1)就算身體有點不舒服或有其他正當理由可以休息，我還是會努力完成每天該做的事
v4_2,[v4_2]請問你同不同意以下的敘述 (2)就算是我不喜歡的事，我也會盡全力做
v4_3,[v4_3]請問你同不同意以下的敘述 (3)就算一件事需要很長時間才會開始看到結果，我仍然會努力維持我在這件事上的表現
v5_1,[v5_1]下列關於你家中生活的情形，你認為符不符合？ (1)作決定時，家人會彼此商量
v5_2,[v5_2]下列關於你家中生活的情形，你認為符不符合？ (2)家人喜歡共度休閒時光
v5_3,[v5_3]下列關於你家中生活的情形，你認為符不符合？ (3)當有家庭活動時，我們家每個人都會參加
v5_4,[v5_4]下列關於你家中生活的情形，你認為符不符合？ (4)家人會接納彼此的朋友
v5_5,[v5_5]下列關於你家中生活的情形，你認為符不符合？ (5)我受到挫折時，總可以從我的家人那裡得到安慰
v5_6,[v5_6]下列關於你家中生活的情形，你認為符不符合？ (6)當我需要幫忙或忠告時，我可以依賴我的家人
v6_1,[v6_1]過去一年，請問你家長和你相處情形如何？ (1)批評你或指責你
v6_2,[v6_2]過去一年，請問你家長和你相處情形如何？ (2)理解你、肯定你的想法
v6_3,[v6_3]過去一年，請問你家長和你相處情形如何？ (3)關心你
v6_4,[v6_4]過去一年，請問你家長和你相處情形如何？ (4)提供解決問題的經驗，給你參考
v6_5,[v6_5]過去一年，請問你家長和你相處情形如何？ (5)對你不聞不問
v6_6,[v6_6]過去一年，請問你家長和你相處情形如何？ (6)跟你常有衝突，彼此關係緊張
v6_7,[v6_7]過去一年，請問你家長和你相處情形如何？ (7)知道你每天的行蹤
v6_8,[v6_8]過去一年，請問你家長和你相處情形如何？ (8)同樣一件事，他們有時處罰小孩，有時不處罰
v6_9,[v6_9]過去一年，請問你家長和你相處情形如何？ (9)處罰你時會打你
v6_10,[v6_10]過去一年，請問你家長和你相處情形如何？ (10)有關你的事，會告訴你他們的想法
v7a_1,[v7a_1]請問以你這個年紀而言，父母管下列這些事情，你認為恰不恰當？ (1)穿著、打扮、造型
v7a_2,[v7a_2]請問以你這個年紀而言，父母管下列這些事情，你認為恰不恰當？ (2)和朋友的活動
v7a_3,[v7a_3]請問以你這個年紀而言，父母管下列這些事情，你認為恰不恰當？ (3)興趣、嗜好
v7a_4,[v7a_4]請問以你這個年紀而言，父母管下列這些事情，你認為恰不恰當？ (4)對長輩的態度
v7a_5,[v7a_5]請問以你這個年紀而言，父母管下列這些事情，你認為恰不恰當？ (5)做事有沒有負責任
v7a_6,[v7a_6]請問以你這個年紀而言，父母管下列這些事情，你認為恰不恰當？ (6)做人有沒有誠實
v7b_1,[v7b_1]那下列這些事情，你父母管得嚴不嚴？ (1)穿著、打扮、造型
v7b_2,[v7b_2]那下列這些事情，你父母管得嚴不嚴？ (2)和朋友的活動
v7b_3,[v7b_3]那下列這些事情，你父母管得嚴不嚴？ (3)興趣、嗜好
v7b_4,[v7b_4]那下列這些事情，你父母管得嚴不嚴？ (4)對長輩的態度
v7b_5,[v7b_5]那下列這些事情，你父母管得嚴不嚴？ (5)做事有沒有負責任
v7b_6,[v7b_6]那下列這些事情，你父母管得嚴不嚴？ (6)做人有沒有誠實
v8_01,[v8_01]上國八以來，下列事情發生過嗎？（複選題） (1)我和好朋友感情決裂
v8_02,[v8_02]上國八以來，下列事情發生過嗎？（複選題） (2)我在班級的成績、排名退步
v8_03,[v8_03]上國八以來，下列事情發生過嗎？（複選題） (3)我在學校裡跟同班同學有過節
v8_04,[v8_04]上國八以來，下列事情發生過嗎？（複選題） (4)我換班級
v8_05,[v8_05]上國八以來，下列事情發生過嗎？（複選題） (5)被人誤會
v8_06,[v8_06]上國八以來，下列事情發生過嗎？（複選題） (6)受人歧視
v8_07,[v8_07]上國八以來，下列事情發生過嗎？（複選題） (7)當眾?臉
v8_08,[v8_08]上國八以來，下列事情發生過嗎？（複選題） (8)學習負擔重
v8_09,[v8_09]上國八以來，下列事情發生過嗎？（複選題） (9)升學壓力
v8_10,[v8_10]上國八以來，下列事情發生過嗎？（複選題） (10)我生了重病或受重傷
v8_11,[v8_11]上國八以來，下列事情發生過嗎？（複選題） (11)家裡沒有錢了
v8_12,[v8_12]上國八以來，下列事情發生過嗎？（複選題） (12)家中有人去世
v8_13,[v8_13]上國八以來，下列事情發生過嗎？（複選題） (13)以上皆非
v9_1,[v9_1]下列是有關學校的描述，你同不同意？ (1)我喜歡學校
v9_2,[v9_2]下列是有關學校的描述，你同不同意？ (2)我不認為我是學校的一份子
v9_3,[v9_3]下列是有關學校的描述，你同不同意？ (3)我以我的學校為榮
v10_1,[v10_1]下列是有關學校的描述，你同不同意？ (1)學生逃學或翹課情況嚴重
v10_2,[v10_2]下列是有關學校的描述，你同不同意？ (2)學生抽菸或喝酒問題嚴重
v11_1,[v11_1]下列有關你和導師的說法，你認為符不符合目前的情況？ (1)導師很關心我
v11_2,[v11_2]下列有關你和導師的說法，你認為符不符合目前的情況？ (2)我跟導師很親近
v12_1,[v12_1]下列有關你和導師的說法，你認為符不符合目前的情況？ (1)當我需要他們的時候，我的同學們總是會適時伸出援手
v12_2,[v12_2]下列有關你和導師的說法，你認為符不符合目前的情況？ (2)當班上的同學需要我的時候，我總是會適時伸出援手
v12_3,[v12_3]下列有關你和導師的說法，你認為符不符合目前的情況？ (3)與其他班級比較，我們班的同學彼此之間，最互相信賴
v13,[v13]請問你的座號是？___號
v14_1_01,[v14_1_01]以下要了解你與班上同學在網路上以及實際生活中的相處狀況，請選出你最喜歡與最不喜歡的同學座號，最多可以選擇五位。 (1)在網路上，你喜歡跟班上哪些同學互動（例如一起打遊戲、講電話、聊天等）？第1位
v14_1_02,[v14_1_02]以下要了解你與班上同學在網路上以及實際生活中的相處狀況，請選出你最喜歡與最不喜歡的同學座號，最多可以選擇五位。 (1)在網路上，你喜歡跟班上哪些同學互動（例如一起打遊戲、講電話、聊天等）？第2位
v14_1_03,[v14_1_03]以下要了解你與班上同學在網路上以及實際生活中的相處狀況，請選出你最喜歡與最不喜歡的同學座號，最多可以選擇五位。 (1)在網路上，你喜歡跟班上哪些同學互動（例如一起打遊戲、講電話、聊天等）？第3位
v14_1_04,[v14_1_04]以下要了解你與班上同學在網路上以及實際生活中的相處狀況，請選出你最喜歡與最不喜歡的同學座號，最多可以選擇五位。 (1)在網路上，你喜歡跟班上哪些同學互動（例如一起打遊戲、講電話、聊天等）？第4位
v14_1_05,[v14_1_05]以下要了解你與班上同學在網路上以及實際生活中的相處狀況，請選出你最喜歡與最不喜歡的同學座號，最多可以選擇五位。 (1)在網路上，你喜歡跟班上哪些同學互動（例如一起打遊戲、講電話、聊天等）？第5位
v14_2_01,[v14_2_01]以下要了解你與班上同學在網路上以及實際生活中的相處狀況，請選出你最喜歡與最不喜歡的同學座號，最多可以選擇五位。 (2)在網路上，你不喜歡跟班上哪些同學互動（例如一起打遊戲、講電話、聊天等）？第1位
v14_2_02,[v14_2_02]以下要了解你與班上同學在網路上以及實際生活中的相處狀況，請選出你最喜歡與最不喜歡的同學座號，最多可以選擇五位。 (2)在網路上，你不喜歡跟班上哪些同學互動（例如一起打遊戲、講電話、聊天等）？第2位
v14_2_03,[v14_2_03]以下要了解你與班上同學在網路上以及實際生活中的相處狀況，請選出你最喜歡與最不喜歡的同學座號，最多可以選擇五位。 (2)在網路上，你不喜歡跟班上哪些同學互動（例如一起打遊戲、講電話、聊天等）？第3位
v14_2_04,[v14_2_04]以下要了解你與班上同學在網路上以及實際生活中的相處狀況，請選出你最喜歡與最不喜歡的同學座號，最多可以選擇五位。 (2)在網路上，你不喜歡跟班上哪些同學互動（例如一起打遊戲、講電話、聊天等）？第4位
v14_2_05,[v14_2_05]以下要了解你與班上同學在網路上以及實際生活中的相處狀況，請選出你最喜歡與最不喜歡的同學座號，最多可以選擇五位。 (2)在網路上，你不喜歡跟班上哪些同學互動（例如一起打遊戲、講電話、聊天等）？第5位
v14_3_01,[v14_3_01]以下要了解你與班上同學在網路上以及實際生活中的相處狀況，請選出你最喜歡與最不喜歡的同學座號，最多可以選擇五位。 (3)在實際生活(非網路)中，你喜歡跟班上哪些同學互動（例如分組同組、一起吃飯、討論功課、聊心事等）？第1位
v14_3_02,[v14_3_02]以下要了解你與班上同學在網路上以及實際生活中的相處狀況，請選出你最喜歡與最不喜歡的同學座號，最多可以選擇五位。 (3)在實際生活(非網路)中，你喜歡跟班上哪些同學互動（例如分組同組、一起吃飯、討論功課、聊心事等）？第2位
v14_3_03,[v14_3_03]以下要了解你與班上同學在網路上以及實際生活中的相處狀況，請選出你最喜歡與最不喜歡的同學座號，最多可以選擇五位。 (3)在實際生活(非網路)中，你喜歡跟班上哪些同學互動（例如分組同組、一起吃飯、討論功課、聊心事等）？第3位
v14_3_04,[v14_3_04]以下要了解你與班上同學在網路上以及實際生活中的相處狀況，請選出你最喜歡與最不喜歡的同學座號，最多可以選擇五位。 (3)在實際生活(非網路)中，你喜歡跟班上哪些同學互動（例如分組同組、一起吃飯、討論功課、聊心事等）？第4位
v14_3_05,[v14_3_05]以下要了解你與班上同學在網路上以及實際生活中的相處狀況，請選出你最喜歡與最不喜歡的同學座號，最多可以選擇五位。 (3)在實際生活(非網路)中，你喜歡跟班上哪些同學互動（例如分組同組、一起吃飯、討論功課、聊心事等）？第5位
v14_4_01,[v14_4_01]以下要了解你與班上同學在網路上以及實際生活中的相處狀況，請選出你最喜歡與最不喜歡的同學座號，最多可以選擇五位。 (4)在實際生活(非網路)中，你不喜歡跟班上哪些同學互動（例如分組同組、一起吃飯、討論功課、聊心事等）？第1位
v14_4_02,[v14_4_02]以下要了解你與班上同學在網路上以及實際生活中的相處狀況，請選出你最喜歡與最不喜歡的同學座號，最多可以選擇五位。 (4)在實際生活(非網路)中，你不喜歡跟班上哪些同學互動（例如分組同組、一起吃飯、討論功課、聊心事等）？第2位
v14_4_03,[v14_4_03]以下要了解你與班上同學在網路上以及實際生活中的相處狀況，請選出你最喜歡與最不喜歡的同學座號，最多可以選擇五位。 (4)在實際生活(非網路)中，你不喜歡跟班上哪些同學互動（例如分組同組、一起吃飯、討論功課、聊心事等）？第3位
v14_4_04,[v14_4_04]以下要了解你與班上同學在網路上以及實際生活中的相處狀況，請選出你最喜歡與最不喜歡的同學座號，最多可以選擇五位。 (4)在實際生活(非網路)中，你不喜歡跟班上哪些同學互動（例如分組同組、一起吃飯、討論功課、聊心事等）？第4位
v14_4_05,[v14_4_05]以下要了解你與班上同學在網路上以及實際生活中的相處狀況，請選出你最喜歡與最不喜歡的同學座號，最多可以選擇五位。 (4)在實際生活(非網路)中，你不喜歡跟班上哪些同學互動（例如分組同組、一起吃飯、討論功課、聊心事等）？第5位
v15,[v15]你上學期的平均成績大約如何？
v16,[v16]家長對你的學業成績有些甚麼要求？
kv16,[kv16]家長對你的學業成績有些甚麼要求？
v17,[v17]上八年級以來，你有沒有參加校外補習（包含家教與家教班）？
v17_01,[v17_01]你補那幾科？【可複選】 (1)數學
v17_02,[v17_02]你補那幾科？【可複選】 (2)英語
v17_03,[v17_03]你補那幾科？【可複選】 (3)理化
v17_04,[v17_04]你補那幾科？【可複選】 (4)國文
v17_05,[v17_05]你補那幾科？【可複選】 (5)社會（史、地、公）
v17_06,[v17_06]你補那幾科？【可複選】 (6)資訊/電腦
v17_07,[v17_07]你補那幾科？【可複選】 (7)其他
v18_1,[v18_1]請問父母對你下列未來發展的期望程度如何? (1)父母期望我的學業成就可以令他們引以自豪
v18_2,[v18_2]請問父母對你下列未來發展的期望程度如何? (2)父母期望我將來可以有一份高薪的工作
v18_3,[v18_3]請問父母對你下列未來發展的期望程度如何? (3)父母期望我將來可以分擔家庭的經濟
v18_4,[v18_4]請問父母對你下列未來發展的期望程度如何? (4)父母期望我可以光宗耀祖
v19_1,[v19_1]請問以下敘述是否符合對你家長的情形？ (1)家長知道我在學校主要的授課老師是誰
v19_2,[v19_2]請問以下敘述是否符合對你家長的情形？ (2)家長知道我在學校的學習狀況 (例如:是否跟得上進度?)
v19_3,[v19_3]請問以下敘述是否符合對你家長的情形？ (3)家長知道我在學校的課業內容 (例如:現在教到哪裡?)
v19_4,[v19_4]請問以下敘述是否符合對你家長的情形？ (4)家長會參加學校的家長會/學校日
v19_5,[v19_5]請問以下敘述是否符合對你家長的情形？ (5)家長會為班上的活動或設備出錢出力
v19_6,[v19_6]請問以下敘述是否符合對你家長的情形？ (6)家長會到學校擔任義工/志工
v19_7,[v19_7]請問以下敘述是否符合對你家長的情形？ (7)家長會花時間在我的學校功課上
v19_8,[v19_8]請問以下敘述是否符合對你家長的情形？ (8)家長會幫我看聯絡簿
v19_9,[v19_9]請問以下敘述是否符合對你家長的情形？ (9)家長會幫我買課本以外的評量、測驗卷等補充教材
v19_10,[v19_10]請問以下敘述是否符合對你家長的情形？ (10)家長會上網幫我搜尋相關的教學材料或教學平台
v20_1_1,[v20_1_1]關於上網，你父親和你有沒有以下的情形？ (1)會規定你什麼時候可以上網，什麼時候不行
v20_1_2,[v20_1_2]關於上網，你父親和你有沒有以下的情形？ (2)會限制你上網時間的長短
v20_1_3,[v20_1_3]關於上網，你父親和你有沒有以下的情形？ (3)會和你一起聊網路上發生的趣聞或事件
v20_1_4,[v20_1_4]關於上網，你父親和你有沒有以下的情形？ (4)會陪你一起上網查資料或做作業
v20_1_5,[v20_1_5]關於上網，你父親和你有沒有以下的情形？ (5)會鼓勵你上網
v20_1_6,[v20_1_6]關於上網，你父親和你有沒有以下的情形？ (6)會和你討論使用網路的情形和心得
v20_1_7,[v20_1_7]關於上網，你父親和你有沒有以下的情形？ (7)擔心你上網會產生健康問題（如：眼睛、體能）
v20_1_8,[v20_1_8]關於上網，你父親和你有沒有以下的情形？ (8)擔心你課業成績會因為上網而有不好影響
v20_1_9,[v20_1_9]關於上網，你父親和你有沒有以下的情形？ (9)會問你在網上做什麼
v20_1_10,[v20_1_10]關於上網，你父親和你有沒有以下的情形？ (10)會查看你的網頁瀏覽記錄
v20_1_11,[v20_1_11]關於上網，你父親和你有沒有以下的情形？ (11)會因為你上網而責罵你
v20_1_12,[v20_1_12]關於上網，你父親和你有沒有以下的情形？ (12)會因為你在網路購物而和你起衝突
v20_2_1,[v20_2_1]關於上網，你母親和你有沒有以下的情形？ (1)會規定你什麼時候可以上網，什麼時候不行
v20_2_2,[v20_2_2]關於上網，你母親和你有沒有以下的情形？ (2)會限制你上網時間的長短
v20_2_3,[v20_2_3]關於上網，你母親和你有沒有以下的情形？ (3)會和你一起聊網路上發生的趣聞或事件
v20_2_4,[v20_2_4]關於上網，你母親和你有沒有以下的情形？ (4)會陪你一起上網查資料或做作業
v20_2_5,[v20_2_5]關於上網，你母親和你有沒有以下的情形？ (5)會鼓勵你上網
v20_2_6,[v20_2_6]關於上網，你母親和你有沒有以下的情形？ (6)會和你討論使用網路的情形和心得
v20_2_7,[v20_2_7]關於上網，你母親和你有沒有以下的情形？ (7)擔心你上網會產生健康問題（如：眼睛、體能）
v20_2_8,[v20_2_8]關於上網，你母親和你有沒有以下的情形？ (8)擔心你課業成績會因為上網而有不好影響
v20_2_9,[v20_2_9]關於上網，你母親和你有沒有以下的情形？ (9)會問你在網上做什麼
v20_2_10,[v20_2_10]關於上網，你母親和你有沒有以下的情形？ (10)會查看你的網頁瀏覽記錄
v20_2_11,[v20_2_11]關於上網，你母親和你有沒有以下的情形？ (11)會因為你上網而責罵你
v20_2_12,[v20_2_12]關於上網，你母親和你有沒有以下的情形？ (12)會因為你在網路購物而和你起衝突
v21_1,[v21_1]在平日(上學日)，請問你每天花多少時間上網完成學校功課（查找完成作業需要的資料）
v21_2,[v21_2]在平日(上學日)，請問你每天花多少時間上網做課外的學習（各種線上付費或免費的課程）
v21_3,[v21_3]在平日(上學日)，請問你每天花多少時間上網玩線上遊戲
v21_4,[v21_4]在平日(上學日)，請問你每天花多少時間上網看影片、聽音樂、迷因梗圖、卡通、漫畫
v21_5,[v21_5]在平日(上學日)，請問你每天花多少時間上網和他人聊天（傳訊息）
v21_6,[v21_6]在平日(上學日)，請問你每天花多少時間在網路上瀏覽自己有興趣的資訊
v22_1,[v22_1]當你在現實生活遇到困難感到憂慮時，你會上網： (1)找人聊天給你支持或安慰
v22_2,[v22_2]當你在現實生活遇到困難感到憂慮時，你會上網： (2)找人討論問題，設法解決困難
v22_3,[v22_3]當你在現實生活遇到困難感到憂慮時，你會上網： (3)搜尋相關的資訊，設法解決困難
v22_4,[v22_4]當你在現實生活遇到困難感到憂慮時，你會上網： (4)瀏覽跟困難無關的資訊，轉移自己的注意力
v22_5,[v22_5]當你在現實生活遇到困難感到憂慮時，你會上網： (5)玩遊戲來減少困擾或壓力感受
v22_6,[v22_6]當你在現實生活遇到困難感到憂慮時，你會上網： (6)購物來改善心情或壓力感受
v23_1,[v23_1]關於你在社群媒體上的行為，以下敘述符不符合你的情況。 (1)我只會發布自己看起來高興、愉快的照片
v23_2,[v23_2]關於你在社群媒體上的行為，以下敘述符不符合你的情況。 (2)我會刻意選擇自己看起來好看的照片發佈
v23_3,[v23_3]關於你在社群媒體上的行為，以下敘述符不符合你的情況。 (3)我會發佈對自己形象加分的訊息，即使那不是真實的情況
v23_4,[v23_4]關於你在社群媒體上的行為，以下敘述符不符合你的情況。 (4)我不會介意發佈自己不太好看的照片
v23_5,[v23_5]關於你在社群媒體上的行為，以下敘述符不符合你的情況。 (5)我不介意發佈可能對自己形象扣分的貼文
v23_6,[v23_6]關於你在社群媒體上的行為，以下敘述符不符合你的情況。 (6)我不介意在我的社群媒體上寫下發生在我身上的壞事
v23_7,[v23_7]關於你在社群媒體上的行為，以下敘述符不符合你的情況。 (7)我會用不被發現的方式，瀏覽人們在網路上的訊息
v23_8,[v23_8]關於你在社群媒體上的行為，以下敘述符不符合你的情況。 (8)我會隱藏自己正在線上活動的紀錄
v23_9,[v23_9]關於你在社群媒體上的行為，以下敘述符不符合你的情況。 (9)我會避免加入朋友們在社群媒體上的對話，即便我正在看著他們的訊息
v24_1,[v24_1]關於你在社群媒體上與人們的互動，以下敘述符不符合你的感受。 (1)我對自己感到的價值，很大程度是取決於他人對我的看法
v24_2,[v24_2]關於你在社群媒體上與人們的互動，以下敘述符不符合你的感受。 (2)我擔心自己的言論或行為會受到批評
v24_3,[v24_3]關於你在社群媒體上與人們的互動，以下敘述符不符合你的感受。 (3)當我更新狀態而沒有人回應我時，我會感到失望
v24_4,[v24_4]關於你在社群媒體上與人們的互動，以下敘述符不符合你的感受。 (4)我經常檢查我的貼文有沒有獲得新的回應
v24_5,[v24_5]關於你在社群媒體上與人們的互動，以下敘述符不符合你的感受。 (5)如果人們認識真實的我，他們會對我失去興趣
v24_6,[v24_6]關於你在社群媒體上與人們的互動，以下敘述符不符合你的感受。 (6)發佈任何內容之前，我都會感到焦慮
v25_1,[v25_1]以下描述符不符合你的個人經驗感受呢？ (1)我喜歡自己在網路上的形象
v25_2,[v25_2]以下描述符不符合你的個人經驗感受呢？ (2)我在網路上可以表現出我最好的一面
v25_3,[v25_3]以下描述符不符合你的個人經驗感受呢？ (3)在網路世界中我覺得自己可以成為理想的自己
v25_4,[v25_4]以下描述符不符合你的個人經驗感受呢？ (4)我喜歡自己在現實生活裡的形象
v25_5,[v25_5]以下描述符不符合你的個人經驗感受呢？ (5)我在現實生活裡可以表現出我最好的一面
v25_6,[v25_6]以下描述符不符合你的個人經驗感受呢？ (6)在現實生活裡我覺得自己可以成為理想的自己
v25_7,[v25_7]以下描述符不符合你的個人經驗感受呢？ (7)我在網路世界裡經常會扮演成不一樣的角色
v25_8,[v25_8]以下描述符不符合你的個人經驗感受呢？ (8)我在不同的社群媒體中（如臉書、IG）會有不一樣的形象
v25_9,[v25_9]以下描述符不符合你的個人經驗感受呢？ (9)我喜歡在網路上擁有多種不一樣的身分、形象或樣貌
v25_10,[v25_10]以下描述符不符合你的個人經驗感受呢？ (10)我在網路上呈現自我的方式，與在現實生活的自我並不相同
v25_11,[v25_11]以下描述符不符合你的個人經驗感受呢？ (11)我覺得我在網絡世界和現實世界中是不同的人
v25_12,[v25_12]以下描述符不符合你的個人經驗感受呢？ (12)我在網路世界中表現出與現實世界中截然不同的言行舉止
v25_13,[v25_13]以下描述符不符合你的個人經驗感受呢？ (13)比起在現實生活，我覺得自己在網路上比較輕鬆自在
v25_14,[v25_14]以下描述符不符合你的個人經驗感受呢？ (14)我喜歡在網路上的生活，勝過於現實中的生活
v25_15,[v25_15]以下描述符不符合你的個人經驗感受呢？ (15)如果可以，我希望自己可以一直待在網路上
v26_1,[v26_1]關於你在網路上的意見表達，以下敘述你同不同意？ (1)我經常會在網路上和他人比較自己在生活上獲得的成就
v26_2,[v26_2]關於你在網路上的意見表達，以下敘述你同不同意？ (2)我總是在網路上留意他人的表現，並和自己的表現進行比較
v26_3,[v26_3]關於你在網路上的意見表達，以下敘述你同不同意？ (3)我經常在網路上和他人比較自己受歡迎的程度
v26_4,[v26_4]關於你在網路上的意見表達，以下敘述你同不同意？ (4)如果我想要更瞭解某些事情，我會試著去網路上看看別人的想法
v26_5,[v26_5]關於你在網路上的意見表達，以下敘述你同不同意？ (5)我總是好奇網路上的人們在和我遇到相同的問題時會怎麼想或怎麼做
v26_6,[v26_6]關於你在網路上的意見表達，以下敘述你同不同意？ (6)我喜歡在網路上看看其他人的不同觀點和經歷
v27_1,[v27_1]你同不同意以下說法？ (1)沒跟上朋友們在網路上聊天或開玩笑的話題，會讓我感到很焦慮
v27_2,[v27_2]你同不同意以下說法？ (2)錯過和朋友們在網路上的聚會，會讓我感到很困擾
v27_3,[v27_3]你同不同意以下說法？ (3)我會隨時透過網路追蹤朋友們的行蹤和做的事情
v27_4,[v27_4]你同不同意以下說法？ (4)沒跟上網路上的首播、直播或活動，我會感到很困擾
v28_1,[v28_1]關於上網，以下敘述符不符合你的情形？ (1)想上網而無法上網的時候，我就會感到坐立不安
v28_2,[v28_2]關於上網，以下敘述符不符合你的情形？ (2)只要有一段時間沒有上網，我就會覺得心裡不舒服
v28_3,[v28_3]關於上網，以下敘述符不符合你的情形？ (3)我只要超過一天沒上網玩，就會很難受
v28_4,[v28_4]關於上網，以下敘述符不符合你的情形？ (4)發現自己上網休閒的時間越來越長
v28_5,[v28_5]關於上網，以下敘述符不符合你的情形？ (5)平均而言，我每周上網休閒的時間比以前增加許多
v28_6,[v28_6]關於上網，以下敘述符不符合你的情形？ (6)我實際上網所花的時間遠遠超過原來預期的時間
v28_7,[v28_7]關於上網，以下敘述符不符合你的情形？ (7)上網對我的學業或工作已造成一些負面的影響
v28_8,[v28_8]關於上網，以下敘述符不符合你的情形？ (8)上網已經很明顯地危害到我的生理或心理健康
v28_9,[v28_9]關於上網，以下敘述符不符合你的情形？ (9)因為上網的關係，我和家人及朋友的互動減少了
v28_10,[v28_10]關於上網，以下敘述符不符合你的情形？ (10)我常因熬夜上網休閒，導致白天精神或體力很差
v29_1,[v29_1]以下有關於你最要好的朋友的描述，你同不同意？ (1)當我需要幫助或忠告時，我可以依賴他(們)
v29_2,[v29_2]以下有關於你最要好的朋友的描述，你同不同意？ (2)他(們)有時候會惹事生非
v29_3,[v29_3]以下有關於你最要好的朋友的描述，你同不同意？ (3)他(們)關心我
v29_4,[v29_4]以下有關於你最要好的朋友的描述，你同不同意？ (4)我常會得到他(們)的幫忙
v29_5,[v29_5]以下有關於你最要好的朋友的描述，你同不同意？ (5)我受到挫折時，總可以從(他)們那裡得到安慰
v30,[v30]請問你認為現實生活中你的朋友是可以信任的，還是與他們來往時要儘量小心？
v31,[v31]請問你認為現實生活中的陌生人是可以信任的，還是與他們來往時要儘量小心？
v32,[v32]請問你認為網路世界中你的朋友是可以信任的，還是與他們來往時要儘量小心？
v33,[v33]請問你認為網路世界中的陌生人是可以信任的，還是與他們來往時要儘量小心？
v34,[v34]上八年級以來，你曾在實際生活中(非網上)，被其他人辱罵、惡意取笑、破壞或搶取東西、肢體攻擊、拒絕加入討論或活動嗎？
v35_1,[v35_1]上八年級以來，你曾在實際生活中(非網上)遇到這樣的事情嗎？ (1)別人用髒話罵或威脅我
v35_2,[v35_2]上八年級以來，你曾在實際生活中(非網上)遇到這樣的事情嗎？ (2)別人說我的壞話
v35_3,[v35_3]上八年級以來，你曾在實際生活中(非網上)遇到這樣的事情嗎？ (3)不讓我加入討論、活動或不准別人跟我說話、一起行動
v35_4,[v35_4]上八年級以來，你曾在實際生活中(非網上)遇到這樣的事情嗎？ (4)被嘲笑外表或言行舉止
v35_5,[v35_5]上八年級以來，你曾在實際生活中(非網上)遇到這樣的事情嗎？ (5)被嘲笑我喜歡某個人
v35_6,[v35_6]上八年級以來，你曾在實際生活中(非網上)遇到這樣的事情嗎？ (6)故意破壞我的東西或故意藏起來
v35_7,[v35_7]上八年級以來，你曾在實際生活中(非網上)遇到這樣的事情嗎？ (7)勒索或強要我的東西
v35_8,[v35_8]上八年級以來，你曾在實際生活中(非網上)遇到這樣的事情嗎？ (8)被某人肢體攻擊
v36,[v36]上八年級以來，你曾在實際生活中(非網上)，對別人辱罵、惡意取笑、破壞或搶取東西、肢體攻擊、拒絕讓某個人加入討論或活動嗎？
v37_1,[v37_1]上八年級以來，你曾在實際生活中(非網上)對別人做過這樣的事嗎？ (1)用髒話罵或威脅某人
v37_2,[v37_2]上八年級以來，你曾在實際生活中(非網上)對別人做過這樣的事嗎？ (2)說某人的壞話
v37_3,[v37_3]上八年級以來，你曾在實際生活中(非網上)對別人做過這樣的事嗎？ (3)不讓某人加入活動、討論事情或不准別人跟某人說話、一起行動
v37_4,[v37_4]上八年級以來，你曾在實際生活中(非網上)對別人做過這樣的事嗎？ (4)嘲笑某人的外貌或言行舉止
v37_5,[v37_5]上八年級以來，你曾在實際生活中(非網上)對別人做過這樣的事嗎？ (5)嘲笑某人他喜歡某個人
v37_6,[v37_6]上八年級以來，你曾在實際生活中(非網上)對別人做過這樣的事嗎？ (6)故意破壞某人的東西或故意藏起來
v37_7,[v37_7]上八年級以來，你曾在實際生活中(非網上)對別人做過這樣的事嗎？ (7)勒索或強要某人的東西
v37_8,[v37_8]上八年級以來，你曾在實際生活中(非網上)對別人做過這樣的事嗎？ (8)對某人肢體攻擊
v38,[v38]上八年級以來，你曾在網路上，被其他人辱罵、惡意取笑、拒絕加入討論、散布丟臉的影片、發布不實的訊息嗎？
v39_1,[v39_1]上八年級以來，你曾在網路上遇到這樣的事情嗎？ (1)別人用髒話罵或威脅我
v39_2,[v39_2]上八年級以來，你曾在網路上遇到這樣的事情嗎？ (2)別人說我的壞話
v39_3,[v39_3]上八年級以來，你曾在網路上遇到這樣的事情嗎？ (3)不讓我加入討論
v39_4,[v39_4]上八年級以來，你曾在網路上遇到這樣的事情嗎？ (4)被嘲笑外表、言行舉止
v39_5,[v39_5]上八年級以來，你曾在網路上遇到這樣的事情嗎？ (5)被嘲笑我喜歡某人
v39_6,[v39_6]上八年級以來，你曾在網路上遇到這樣的事情嗎？ (6)在網路散布使我丟臉的照片或影片
v39_7,[v39_7]上八年級以來，你曾在網路上遇到這樣的事情嗎？ (7)假冒我的社交帳號或是電子郵件，在網路上發布不實訊息
v40,[v40]上八年級以來，你曾在網路上，對別人辱罵、惡意取笑、拒絕加入討論、散布丟臉的影片、發布不實訊息等事情嗎？
v41_1,[v41_1]上八年級以來，你曾在網路上對別人做過這樣的事嗎？ (1)用髒話罵或威脅某人
v41_2,[v41_2]上八年級以來，你曾在網路上對別人做過這樣的事嗎？ (2)說某人的壞話
v41_3,[v41_3]上八年級以來，你曾在網路上對別人做過這樣的事嗎？ (3)不讓某人加入討論
v41_4,[v41_4]上八年級以來，你曾在網路上對別人做過這樣的事嗎？ (4)嘲笑某人的外貌、言行舉止
v41_5,[v41_5]上八年級以來，你曾在網路上對別人做過這樣的事嗎？ (5)嘲笑某人喜歡某個人
v41_6,[v41_6]上八年級以來，你曾在網路上對別人做過這樣的事嗎？ (6)在網路散布使某人丟臉的照片或影片
v41_7,[v41_7]上八年級以來，你曾在網路上對別人做過這樣的事嗎？ (7)用某人的社交帳號或是電子郵件，發布不實的訊息給其他人
v42_01,[v42_01]過去6個月以來，請問你有沒有做過下列的事情？（複選題） (1)考試作弊
v42_02,[v42_02]過去6個月以來，請問你有沒有做過下列的事情？（複選題） (2)離家出走
v42_03,[v42_03]過去6個月以來，請問你有沒有做過下列的事情？（複選題） (3)蹺課或逃學
v42_04,[v42_04]過去6個月以來，請問你有沒有做過下列的事情？（複選題） (4)偷拿別人的東西
v42_05,[v42_05]過去6個月以來，請問你有沒有做過下列的事情？（複選題） (5)故意破壞別人的東西
v42_06,[v42_06]過去6個月以來，請問你有沒有做過下列的事情？（複選題） (6)蓄意打傷別人
v42_07,[v42_07]過去6個月以來，請問你有沒有做過下列的事情？（複選題） (7)抽紙菸（香菸）
v42_08,[v42_08]過去6個月以來，請問你有沒有做過下列的事情？（複選題） (8)抽電子菸
v42_09,[v42_09]過去6個月以來，請問你有沒有做過下列的事情？（複選題） (9)喝酒
v42_10,[v42_10]過去6個月以來，請問你有沒有做過下列的事情？（複選題） (10)嚼檳榔
v42_11,[v42_11]過去6個月以來，請問你有沒有做過下列的事情？（複選題） (11)收聽或觀看盜版的音樂與影片
v42_12,[v42_12]過去6個月以來，請問你有沒有做過下列的事情？（複選題） (12)下載非法軟體
v42_13,[v42_13]過去6個月以來，請問你有沒有做過下列的事情？（複選題） (13)深夜不回家在外遊蕩
v42_14,[v42_14]過去6個月以來，請問你有沒有做過下列的事情？（複選題） (14)以上皆非
v43_1,[v43_1]請問你有多常會遇到下面的狀況？ (1)對我來說，要取得與使用3C產品(手機、電腦、平板)的費用太高
v43_2,[v43_2]請問你有多常會遇到下面的狀況？ (2)對我來說，使用網路要付的費用太貴
v44_1,[v44_1]以下有關使用手機或上網的原因，你同不同意？ (1)是打發時間的好方法
v44_2,[v44_2]以下有關使用手機或上網的原因，你同不同意？ (2)可以讓我找到和連接我覺得對我中意或磁場相合的人
v44_3,[v44_3]以下有關使用手機或上網的原因，你同不同意？ (3)提升我在讀書學習或完成任務的表現
v44_4,[v44_4]以下有關使用手機或上網的原因，你同不同意？ (4)讓我知道運動、演唱會、或各種娛樂活動的最新訊息
v44_5,[v44_5]以下有關使用手機或上網的原因，你同不同意？ (5)讓我可以分享我的好點子或我做的東西
v45_1,[v45_1]以下敘述符不符合你的上網學習情形？ (1)讀書或寫作業時，我會先將無關的網站、即時通訊、手機APP或提醒聲音關掉
v45_2,[v45_2]以下敘述符不符合你的上網學習情形？ (2)我能要求自己先完成作業或讀書進度後，才能去看我喜歡的網站或玩手機
v45_3,[v45_3]以下敘述符不符合你的上網學習情形？ (3)我會運用學習平台上的儀表板，了解自己的認真或表現情況（如：目前得分、作業缺交、影片觀看記錄、相對於全班的表現等）
v45_4,[v45_4]以下敘述符不符合你的上網學習情形？ (4)我會運用學習平台以外的軟體來安排我的學習進度（如：時間安排-Google日曆、專注-Forrest、備忘錄-Notion、閃字卡-Anki等）
v46_1,[v46_1]關於電腦與網路的操作，你使用情形如何？ (1)我會運用定位服務找到我要的資訊（地圖導航、交通、美食等）
v46_2,[v46_2]關於電腦與網路的操作，你使用情形如何？ (2)我定期更換密碼（手機、平版、電腦、IG、抖音、DCARD等）
v46_3,[v46_3]關於電腦與網路的操作，你使用情形如何？ (3)同學、閨密、或親朋好友知道我的密碼
v47_1,[v47_1]以下關於媒體網站的運用敘述，你同不同意？ (1)我能判斷適合找到最好答案的關鍵字
v47_2,[v47_2]以下關於媒體網站的運用敘述，你同不同意？ (2)我能快速找到我曾拜訪過的網站
v47_3,[v47_3]以下關於媒體網站的運用敘述，你同不同意？ (3)我很清楚自己正在觀看特定網站或使用特定app的目的
v47_4,[v47_4]以下關於媒體網站的運用敘述，你同不同意？ (4)我清楚哪些訊息可以在網路上公開分享，哪些不行
v47_5,[v47_5]以下關於媒體網站的運用敘述，你同不同意？ (5)我能注意上網時給出的評語是不是恰當
v47_6,[v47_6]以下關於媒體網站的運用敘述，你同不同意？ (6)貼文和傳照片影片時，我會視情況設定要分享給誰看到
v47_7,[v47_7]以下關於媒體網站的運用敘述，你同不同意？ (7)我能從網路找到其他人的影音，進行二次創作或改編
v47_8,[v47_8]以下關於媒體網站的運用敘述，你同不同意？ (8)我能根據網頁/影音所屬的著作權規範（如創用cc）來運用找到的素材
v47_9,[v47_9]以下關於媒體網站的運用敘述，你同不同意？ (9)我能將所製作的影片/網頁/圖片上傳到雲端空間
v48_01,[v48_01]學校的資訊科技課程教學內容包含(可複選)： (1)計算機基本概念：介紹計算機的基本組成，如硬件（CPU、記憶體、儲存裝置等）和軟件（操作系統、應用程序）
v48_02,[v48_02]學校的資訊科技課程教學內容包含(可複選)： (2)基本電腦操作技能：教授學生如何使用作業系統（如Windows或macOS）、文書處理軟件（如Word）、表格軟件（如Excel）和簡報軟件（如PowerPoint）
v48_03,[v48_03]學校的資訊科技課程教學內容包含(可複選)： (3)程式設計與邏輯：學習使用網際網路，包括瀏覽器的使用、資訊搜尋技巧、以及網絡安全和隱私保護的基本知識
v48_04,[v48_04]學校的資訊科技課程教學內容包含(可複選)： (4)多媒體應用：學習如何使用各種多媒體工具，比如圖像編輯、音頻和視頻編輯軟件
v48_05,[v48_05]學校的資訊科技課程教學內容包含(可複選)： (5)資訊倫理與數位公民素養：討論網絡禮儀、數位版權、網絡欺凌以及在線行為的影響
v48_06,[v48_06]學校的資訊科技課程教學內容包含(可複選)： (6)基礎數據處理與分析：介紹如何收集、整理和簡單分析數據，可能使用表格軟件或其他基本工具
v48_07,[v48_07]學校的資訊科技課程教學內容包含(可複選)： (7)探索性資訊科技項目：鼓勵學生進行小型項目，應用所學知識解決實際問題或進行創意創作
v48_08,[v48_08]學校的資訊科技課程教學內容包含(可複選)： (8)以上皆非
v49,[v49]學校的科技領域課程對我的數位知識與能力有幫助
v50,[v50]整體來說，你對自己的生活感到滿意嗎？
v51,[v51]整體來說，你覺得最近的日子過得快樂嗎？
v52,[v52]整體而言，你覺得自己目前的健康狀況如何？
v52_1,[v52_1]下列是有關你對自己的描述，你同不同意？ (1)我是個有價值（有用）的人
v52_2,[v52_2]下列是有關你對自己的描述，你同不同意？ (2)我用積極樂觀的態度看待我自己
v52_3,[v52_3]下列是有關你對自己的描述，你同不同意？ (3)我很滿意我自己
v53_1,[v53_1]請依據你過去六個月的經驗與事實，回答以下各題 (1)我嘗試對別人友善，並關心他們的感受
v53_2,[v53_2]請依據你過去六個月的經驗與事實，回答以下各題 (2)我常與他人分享(食物、遊戲、筆等等)
v53_3,[v53_3]請依據你過去六個月的經驗與事實，回答以下各題 (3)如有人受傷、沮喪 或感到不適，我都樂意幫忙
v53_4,[v53_4]請依據你過去六個月的經驗與事實，回答以下各題 (4)我會友善地對待比我年紀小的孩子
v53_5,[v53_5]請依據你過去六個月的經驗與事實，回答以下各題 (5)我常自願幫助別人 (父母、老師、同學)
v54_1,[v54_1]你有多同意下列的敘述？ (1)當我緊張的時候，我可以感覺到身體的變化，如心跳加快
v54_2,[v54_2]你有多同意下列的敘述？ (2)當我的情緒讓我無法專注的時候，我會感覺到
v54_3,[v54_3]你有多同意下列的敘述？ (3)我可以感受到自己的情緒
v54_4,[v54_4]你有多同意下列的敘述？ (4)當我難過的時候，我知道如何讓自己感覺好一點
v54_5,[v54_5]你有多同意下列的敘述？ (5)我知道如何讓自己平靜下來
v54_6,[v54_6]你有多同意下列的敘述？ (6)當我感到沮喪時，我會調整自己以度過低潮
v54_7,[v54_7]你有多同意下列的敘述？ (7)我會為自己設定目標
v54_8,[v54_8]你有多同意下列的敘述？ (8)我會達成自己所設定的目標
v54_9,[v54_9]你有多同意下列的敘述？ (9)我會思考達到目標所需要採取的步驟
v54_10,[v54_10]你有多同意下列的敘述？ (10)我會跟同學好好的相處
v54_11,[v54_11]你有多同意下列的敘述？ (11)我會跟別人分享自己的感受或想法
v54_12,[v54_12]你有多同意下列的敘述？ (12)在學校有困難或問題時，我會找老師或認識的大人聊聊
v54_13,[v54_13]你有多同意下列的敘述？ (13)我會接納那些我不熟悉的人
v54_14,[v54_14]你有多同意下列的敘述？ (14)我從別人的臉部表情知道他們當時可能的感受
v54_15,[v54_15]你有多同意下列的敘述？ (15)我知道別人何時需要幫助
v54_16,[v54_16]你有多同意下列的敘述？ (16)當我跟同學相處有問題時，我知道如何尋求協助
v54_17,[v54_17]你有多同意下列的敘述？ (17)在做決定前，我預先思考之後可能發生的情況
v54_18,[v54_18]你有多同意下列的敘述？ (18)我知道哪些事情是對的、哪些事情是不對的
v54_19,[v54_19]你有多同意下列的敘述？ (19)我會去想不同的方法來解決問題
v54_20,[v54_20]你有多同意下列的敘述？ (20)當朋友或同學要違反規定時，我會告訴他們這是不對的
v55_1,[v55_1]請勾選在過去1到2週你感受到下列選項之頻率 (1)我的胃口?好
v55_2,[v55_2]請勾選在過去1到2週你感受到下列選項之頻率 (2)我的睡眠情況不好
v55_3,[v55_3]請勾選在過去1到2週你感受到下列選項之頻率 (3)我覺得悲傷
v55_4,[v55_4]請勾選在過去1到2週你感受到下列選項之頻率 (4)我覺得自己是一個壞人
v55_5,[v55_5]請勾選在過去1到2週你感受到下列選項之頻率 (5)我想傷害自己
v55_6,[v55_6]請勾選在過去1到2週你感受到下列選項之頻率 (6)我對平時有興趣做的事情?失去興趣
v55_7,[v55_7]請勾選在過去1到2週你感受到下列選項之頻率 (7)我覺得自己的行動太緩慢
v55_8,[v55_8]請勾選在過去1到2週你感受到下列選項之頻率 (8)我總是感到疲憊
v55_9,[v55_9]請勾選在過去1到2週你感受到下列選項之頻率 (9)我寧願自己已經死亡
v55_10,[v55_10]請勾選在過去1到2週你感受到下列選項之頻率 (10)我無法集中??做一些重要的事情
v55_11,[v55_11]請勾選在過去1到2週你感受到下列選項之頻率 (11)我覺得坐立不安
v55_12,[v55_12]請勾選在過去1到2週你感受到下列選項之頻率 (12)我覺得很寂寞(孤單、沒伴)
v55_13,[v55_13]請勾選在過去1到2週你感受到下列選項之頻率 (13)我感到緊張焦慮
v55_14,[v55_14]請勾選在過去1到2週你感受到下列選項之頻率 (14)我不能停止或是無法控制擔心
v56_1,[v56_1]請問你同不同意以下的敘述： (1)我的情緒只有我自己知道
v56_2,[v56_2]請問你同不同意以下的敘述： (2)我會用想別的事情的方式，來減少自己的負面情緒(例如:難過或生氣)
v56_3,[v56_3]請問你同不同意以下的敘述： (3)當我面對有壓力的情境時，我會往可以讓自己冷靜下來的方向來想這件事
v56_4,[v56_4]請問你同不同意以下的敘述： (4)我控制自己情緒的方法是不把它們表現出來
v56_5,[v56_5]請問你同不同意以下的敘述： (5)當我想讓自己有更正向的情緒，我會換個角度來想當下的狀況
v56_6,[v56_6]請問你同不同意以下的敘述： (6)當我感受到負向情緒時，我會努力不表現出來
v57_1,[v57_1]請問過去兩週中，你對以下敘述的感受程度？ (1)我感到情緒開朗且精神不錯
v57_2,[v57_2]請問過去兩週中，你對以下敘述的感受程度？ (2)我感到心情平靜和放鬆
v57_3,[v57_3]請問過去兩週中，你對以下敘述的感受程度？ (3)我感到有活力且精力充沛
v57_4,[v57_4]請問過去兩週中，你對以下敘述的感受程度？ (4)我醒來感到神清氣爽並有充分休息
v57_5,[v57_5]請問過去兩週中，你對以下敘述的感受程度？ (5)我的日常生活中充滿讓我感興趣的事物
v58_1h,[v58_1h]在需要上課的日子，你通常幾點到學校？
v58_1m,[v58_1m]在需要上課的日子，你通常幾點到學校？
v58_2h,[v58_2h]在需要上課的日子，你通常幾點離開學校？
v58_2m,[v58_2m]在需要上課的日子，你通常幾點離開學校？
v59_1h,[v59_1h]請問你過去一個月來的日常(大多數)睡眠習慣： (1)過去一個月來，在需要上課的日子，你通常幾點上床睡覺？時
v59_1m,[v59_1m]請問你過去一個月來的日常(大多數)睡眠習慣： (1)過去一個月來，在需要上課的日子，你通常幾點上床睡覺？分
v59_2h,[v59_2h]請問你過去一個月來的日常(大多數)睡眠習慣： (2)過去一個月來，在需要上課的日子，你通常幾點起床？時
v59_2m,[v59_2m]請問你過去一個月來的日常(大多數)睡眠習慣： (2)過去一個月來，在需要上課的日子，你通常幾點起床？分
v59_3h,[v59_3h]請問你過去一個月來的日常(大多數)睡眠習慣： (3)過去一個月來，在放假前一天或不需要上課的日子，你通常幾點上床睡覺？時
v59_3m,[v59_3m]請問你過去一個月來的日常(大多數)睡眠習慣： (3)過去一個月來，在放假前一天或不需要上課的日子，你通常幾點上床睡覺？分
v59_4h,[v59_4h]請問你過去一個月來的日常(大多數)睡眠習慣： (4)過去一個月來，在不需要上課的日子，你通常幾點起床？時
v59_4m,[v59_4m]請問你過去一個月來的日常(大多數)睡眠習慣： (4)過去一個月來，在不需要上課的日子，你通常幾點起床？分
v59_5,[v59_5]請問你過去一個月來的日常(大多數)睡眠習慣： (5)過去一個月來，你整體的睡眠品質好不好？
v60_1,[v60_1]過去一個月，請問以下飲料你平均一週七天喝多少？ (1)鋁箔包、樂利包或瓶裝的含糖飲料
v60_2,[v60_2]過去一個月，請問以下飲料你平均一週七天喝多少？ (2)手搖杯
v61,[v61]請問你的身高______公分（僅能填答阿拉伯數字）
v62,[v62]請問你的體重______公斤（僅能填答阿拉伯數字）
v63,[v63]請勾選出你認為最符合你目前體型的選項：
